policyId,vin,registerNo,clientName,policyNo
24665,MEERBC001L1031422,JK21F8626,Renault,null
27041,MEEBBA001HC557325,OD33R5578,Renault,RSA33614
28513,MEEBBA001JA626757,TN25BM7673,Renault,null
28527,MEEBBA001JB630091,KL08BT3670,Renault,null
28569,MEEBBA001JC639710,JH10BU8344,Renault,null
28571,MEEBBA001K1641292,TN72BM4710,Renault,null
28585,MEEBBA001K1644516,KL32P4214,Renault,null
28593,MEEBBA001K1644791,KL01CL5041,Renault,null
28595,MEEBBA001K1645147,AS01DZ8509,Renault,null
28597,MEEBBA001K1645276,KL04AP2055,Renault,null
28601,MEEBBA001K2646454,UP83AW0258,Renault,null
28605,MEEBBA001K2647698,KL59U4348,Renault,null
28607,MEEBBA001K2647782,KL32P3605,Renault,null
28611,MEEBBA001K2648558,HP93A1323,Renault,null
28613,MEEBBA001K2649161,TN13R4165,Renault,null
28617,MEEBBA001K2649399,KL46U0233,Renault,null
28619,MEEBBA001K2649404,HR09F7191,Renault,null
28621,MEEBBA001K2649418,AP39AC4596,Renault,null
28623,MEEBBA001K2649547,KL759402,Renault,null
28625,MEEBBA001K2649693,MEE2649693,Renault,null
28627,MEEBBA001K2650004,KL01CL6840,Renault,null
28629,MEEBBA001K2650231,KL13AP9531,Renault,null
28631,MEEBBA001K2650309,UP16CD6935,Renault,null
28633,MEEBBA001K2650360,KL13AP8330,Renault,null
28635,MEEBBA001K2650696,KL25M9373,Renault,null
28637,MEEBBA001K2650715,TN76AM2652,Renault,null
28639,MEEBBA001K2651721,KL05AU1746,Renault,null
28641,MEEBBA001K3651860,MEE3651860,Renault,null
28643,MEEBBA001K3651891,KL05AU8921,Renault,null
28645,MEEBBA001K3652636,KA18Z7217,Renault,null
28647,MEEBBA001K3653110,KL43M2694,Renault,null
28649,MEEBBA001K3653642,PB02DV6126,Renault,null
28651,MEEBBA001K3654001,KL34F8717,Renault,null
28653,MEEBBA001K3654256,BR10AC5854,Renault,null
28655,MEEBBA001K3654824,KL57U4502,Renault,null
28657,MEEBBA001K3654998,KL11BQ3916,Renault,null
28659,MEEBBA001K3655651,KL01CL5527,Renault,null
28661,MEEBBA001K3655729,KL43M3380,Renault,null
28663,MEEBBA001K3655794,KL08BT6950,Renault,null
28665,MEEBBA001K3655908,KL07CS2011,Renault,null
28667,MEEBBA001K3657481,KL75A0086,Renault,null
28669,MEEBBA001K3657836,KL46U5611,Renault,null
28671,MEEBBA001K4658608,KA01MT4169,Renault,null
28673,MEEBBA001K4659175,KA51MN1070,Renault,null
28675,MEEBBA001K4660164,CH01BW0599,Renault,null
28677,MEEBBA001K4660200,KA41MC4077,Renault,null
28679,MEEBBA001K4660651,KL04AP1647,Renault,null
28681,MEEBBA001K4661850,KA50Z8135,Renault,null
28683,MEEBBA001K4662058,HR03Y6095,Renault,null
28685,MEEBBA001K4662836,KA18Z7985,Renault,null
28688,MEEBBA001K4663260,AP39BA4050,Renault,null
28690,MEEBBA001K4663422,KL49L4913,Renault,null
28692,MEEBBA001K4663470,KL01CL5043,Renault,null
28694,MEEBBA001K4663520,KL01CL5685,Renault,null
28696,MEEBBA001K4663565,KL21T8928,Renault,null
28698,MEEBBA001K4663663,KL5AU8092,Renault,null
28700,MEEBBA001K4663971,KL08BT8591,Renault,null
28702,MEEBBA001K4664019,KL04AP2136,Renault,null
28704,MEEBBA001K4664442,KL31N8053,Renault,null
28706,MEEBBA001K4664649,MEE4664649,Renault,null
28708,MEEBBA001K5665228,CH01BX4055,Renault,null
28710,MEEBBA001K5665262,KL08BU0469,Renault,null
28712,MEEBBA001K5666346,KL56U9404,Renault,null
28714,MEEBBA001K5667481,AP39BV2121,Renault,null
28716,MEEBBA001K5668145,GJ26N7275,Renault,null
28718,MEEBBA001K5669425,KL01CL5608,Renault,null
28720,MEEBBA001K6671220,KL13AR2828,Renault,null
28722,MEEBBA001K6672528,TN72BP2102,Renault,null
28724,MEEBBA001K6672786,TN02BR8817,Renault,null
28726,MEEBBA001K6673260,KL7CT0431,Renault,null
28728,MEEBBA001K6673324,KL09AS2337,Renault,null
28730,MEEBBA001K6673470,TN30CZ2801,Renault,null
28732,MEEBBA001K6673579,KL39P9681,Renault,null
28734,MEEBBA001K6673596,KL41Q5204,Renault,null
28736,MEEBBA001K6673694,KL01CM4653,Renault,null
28738,MEEBBA001K6673856,PB11CT3236,Renault,null
28740,MEEBBA001K6673890,KL05AV0886,Renault,null
28742,MEEBBA001K6674022,PB11CT5422,Renault,null
28744,MEEBBA001K6674067,KL59U9149,Renault,null
28746,MEEBBA001K6674134,TN31CB6212,Renault,null
28748,MEEBBA001K6674215,KA18Z7697,Renault,null
28750,MEEBBA001K6674277,KL74A1197,Renault,null
28752,MEEBBA001K6674330,TN72BP5218,Renault,null
28754,MEEBBA001K6674358,KL01CL9794,Renault,null
28756,MEEBBA001K6674702,KL03AE7281,Renault,null
28758,MEEBBA001K6674974,MEE6674974,Renault,null
28760,MEEBBA001K6675137,DL10CN3152,Renault,null
28762,MEEBBA001K6675140,KL13AR0722,Renault,null
28764,MEEBBA001K6675235,KL43M7783,Renault,null
28766,MEEBBA001K6675543,TN76AV8028,Renault,null
28768,MEEBBA001K6675591,KL39Q2394,Renault,null
28770,MEEBBA001K6675624,KL32Q1883,Renault,null
28772,MEEBBA001K6675655,PB02DW4876,Renault,null
28774,MEEBBA001K6675686,KL10BD9040,Renault,null
28776,MEEBBA001K6675820,KL30H3524,Renault,null
28778,MEEBBA001K6676742,PB37J6786,Renault,null
28780,MEEBBA001K6676904,TN92D9077,Renault,null
28782,MEEBBA001K6677051,MEE6677051,Renault,null
28784,MEEBBA001K6677079,MEE6677079,Renault,null
28786,MEEBBA001K6677129,KL08BU3012,Renault,null
28788,MEEBBA001K7678114,KL39P9975,Renault,null
28790,MEEBBA001K7678260,KL5AV0214,Renault,null
28792,MEEBBA001K7678419,KL36H6574,Renault,null
28794,MEEBBA001K7679439,TN49BT1620,Renault,null
28796,MEEBBA001K7679974,TN49CY4851,Renault,null
28798,MEEBBA001K7680168,OD33Z7200,Renault,null
28800,MEEBBA001K7680218,DL10CN5390,Renault,null
28802,MEEBBA001K7680848,MEE7680848,Renault,null
28804,MEEBBA001K7681224,MEE7681224,Renault,null
28806,MEEBBA001K7681336,DL10CN2149,Renault,null
28808,MEEBBA001K7681398,KL29R7631,Renault,null
28810,MEEBBA001K7681434,TN11AP9721,Renault,null
28812,MEEBBA001K7681580,GJ19BA2400,Renault,null
28814,MEEBBA001K7682633,MEE7682633,Renault,null
44845,MEEBBA002H8529410,KA20MB9142,Renault,RSA52011
45566,MEEBBA002H9538277,JH05BX2123,Renault,RSA21627
48556,MEEBBA002J3580117,UP80ER1795,Renault,RSA58251
58321,MEEBBA003H2461718,KL01CB1161,Renault,RSA41356
60276,MEEBBA003H3479954,WB68V9555,Renault,RSA59959
65486,MEEBBA003H9532147,HR03W8561,Renault,RSA57260
67242,MEEBBA003HB552682,RJ19CH2077,Renault,RSA27486
69501,MEEBBA003K9692987,HP08A4305,Renault,
80022,MEEBBA004H3476853,UP78EV5189,Renault,RSA23881
83986,MEEBBA004H7514140,BR01DK3689,Renault,RSA32373
88501,MEEBBA00XH8523418,TN07CM8523,Renault,RSA45444
93580,MEEBBA00XL1709137,RJ36CA8896,Renault,
115532,MEEBBA007G7386183,KL73A6356,Renault,RSA74630
118956,MEEHSRAWEG7005889,KL07CL5011,Renault,RSA61010
119205,MEEHSRCFKK1006753,KA51MM9652,Renault,RSA59277
119457,MEEBBA002K1644007,UK09B5774,Renault,RSA46633
119606,MEEBBA004JC635215,CG04MQ8593,Renault,RSA61792
119661,MEEBBA009K2650171,HR51BW2817,Renault,RSA40538
119675,MEEBBA000K2646655,CG29AC2636,Renault,RSA48556
119698,MEEBBA002K2649881,BR01EE9713,Renault,RSA51979
119812,MEEBBA006K3651949,UP93BG4396,Renault,RSA60345
120038,MEEBBA008K3652214,GJ05RH0232,Renault,RSA61536
120095,MEEBBA004K3657300,UP31BE4533,Renault,RSA60673
120097,MEEBBA006K3652552,TS08GU9681,Renault,RSA60799
120110,MEEBBA003K3656509,GJ19AM9566,Renault,RSA60343
120126,MEEBBA003K3652749,OD30C4558,Renault,RSA59283
120141,MEEBBA005K3652767,JH12L7669,Renault,RSA44939
120151,MEEBBA002K3654749,WB38AS3336,Renault,RSA60897
120248,MEEBBA009K4663054,TS09FF9376,Renault,RSA61974
120332,MEEBBA004K5665059,MP20CJ3926,Renault,RSA61462
120408,MEEBBA001K5665388,RJ25CA6987,Renault,RSA60724
120450,MEEBBA005K5668438,RJ18CC9109,Renault,RSA59848
120453,MEEBBA003K5668406,RJ45CH0378,Renault,RSA60821
120460,MEEBBA002K5668350,UP76AB3731,Renault,RSA61778
120492,MEEBBA005K5665331,UP30AV1799,Renault,RSA61184
120594,MEEBBA008K3654285,CG06GQ0128,Renault,RSA51860
120596,MEEBBA001K3654547,UP93BJ5665,Renault,RSA61745
120612,MEEBBA00XK3653414,OD02BD4001,Renault,RSA61782
120907,MEEBBA002K4660903,CG15DP1637,Renault,RSA59363
120959,MEEBBA000K4664321,CG18N6341,Renault,RSA59433
120988,MEEBBA001K5669330,MH02FE4745,Renault,RSA59840
121050,MEEBBA001K5668355,TN93B9680,Renault,RSA59993
121130,MEEBBA002K6673963,KL09AR9346,Renault,RSA61552
121196,MEEBBA004GA418686,KA05MU5017,Renault,RSA59501
121292,MEEBBA001K5669358,CG08AM1653,Renault,RSA59440
121297,MEEHSRSGMK7004382,MEEHSRSGMK7004382,Renault,RSA45622
121306,MEEHSRCFFK6006111,WB38AS6345,Renault,RSA61336
121414,MEEBBA004K5669208,TS05FB6966,Renault,RSA60881
121559,MEEBBA002K7677800,CG26E2549,Renault,RSA59450
121968,MEEBBA00XKA694394,WB02AP6815,Renault,RSA55194
122032,MEEBBA001K7684432,RJ05CB8369,Renault,RSA60595
122109,MEEBBA007K7680899,CG04MV1510,Renault,RSA61678
122276,MEEBBA007K6674137,MH20FG4862,Renault,RSA60610
122538,MEEBBA004K6674645,RJ05CB7588,Renault,RSA60683
122650,MEEHSRSGEKA000328,MH12RY8517,Renault,RSA61325
122707,MEEHSRAWEK8028644,TN36BY8888,Renault,RSA61911
122730,MEEHSRAWEK9028837,KA22MB5969,Renault,RSA59647
122807,MEERBC006K9008816,KL19L1551,Renault,RSA61328
122933,MEEBBA005K6675982,MEEBBA005K6675982,Renault,RSA59991
123056,MEEBBA006K9691896,MP20C2317,Renault,
123121,MEEAHBA11GB600416,MH04HX7248,Renault,RSA60169
123147,MEEBBA005H2462059,WB38AN7250,Renault,RSA60131
123154,MEEBBA008H2464999,UP32HZ2962,Renault,RSA60924
123230,MEEBBA009H2465045,KL32L6761,Renault,RSA43084
123291,MEEBBA003H3470932,KA03NA2357,Renault,RSA60840
123365,MEERBC007K9007366,TS07GX6372,Renault,RSA60953
123417,MEEBBA006H3482895,UP85BA3387,Renault,RSA61789
123592,MEEBBA000H2466696,HP10A9922,Renault,RSA60061
124031,MEEBBA008KA696662,TS08GS7916,Renault,RSA61137
124051,MEEBBA005L2717334,MEEBBA005L2717334,Renault,
124227,MEEBBA005H5501022,WB38AN4914,Renault,RSA60802
124406,MEEJSRBW4H5000972,KL19H4431,Renault,RSA14332
124423,MEEHSRCFFH4002824,GJ10CN0936,Renault,RSA59859
124493,MEEBBA006H6511634,KL01CC9042,Renault,RSA61629
124739,MEEBBA005L1712415,KL65P7834,Renault,
124770,MEEJSRGW4F3000274,JH05BG3770,Renault,RSA59667
124788,MEEBBA00XKB704481,MEEBBA00XKB704481,Renault,null
124798,MEEBBA00XKB704660,MEEBBA00XKB704660,Renault,null
124799,MEEBBA004KB704668,MEEBBA004KB704668,Renault,null
124800,MEEBBA009KC707995,MEEBBA009KC707995,Renault,null
124801,MEEBBA000KC704869,KA03AJ6389,Renault,null
124802,MEEBBA008KB704141,KA03AJ6375,Renault,null
124803,MEEBBA009KB704231,KA03AJ6393,Renault,null
124811,MEEBBA008KB704303,MEEBBA008KB704303,Renault,null
124812,MEEBBA006KB704297,MEEBBA006KB704297,Renault,null
124813,MEEBBA00XKB704304,MEEBBA00XKB704304,Renault,null
124814,MEEBBA002KB703924,MEEBBA002KB703924,Renault,null
124815,MEEBBA00XKB704058,MEEBBA00XKB704058,Renault,null
124816,MEEBBA000KB704215,KA03AJ6373,Renault,null
124901,MEEBBA005KC704804,MEEBBA005KC704804,Renault,null
124902,MEEBBA001KC705075,MEEBBA001KC705075,Renault,null
124907,MEEBBA009KC705485,MEEBBA009KC705485,Renault,null
124908,MEEBBA005KB704100,MEEBBA005KB704100,Renault,null
124910,MEEBBA007KC705033,KA03AJ6398,Renault,null
124911,MEEBBA003KC705451,MEEBBA003KC705451,Renault,null
124916,MEEBBA009H6512602,UP31AU7736,Renault,RSA61776
124928,MEEBBA005KB704209,MEEBBA005KB704209,Renault,
125040,MEEBBA009KB704570,MEEBBA009KB704570,Renault,
125053,MEERBC00XKC026917,TS08GZ6468,Renault,RSA60783
125125,MEEBBA00XL1709803,MEEBBA00XL1709803,Renault,
125126,MEEBBA007L1710617,MH14JE0128,Renault,
125137,MEEBBA007KC707865,MEEBBA007KC707865,Renault,
125164,MEEHSRAWEH7016216,MH01CT9222,Renault,RSA60495
125196,MEEBBA005L1713158,MEEBBA005L1713158,Renault,
125267,MEEBBA004L2718927,BR01ES3685,Renault,
125337,MEEBBA003H6509243,UP93AZ3382,Renault,RSA62647
125355,MEEBBA00XL2715546,TN33BT9658,Renault,
125423,MEEHSRAWEH7016228,KA06P7251,Renault,RSA59765
125478,MEEHSRAWEH3013047,AP30AM4640,Renault,RSA59950
125490,MEEBBA005H8527019,RJ22CB2685,Renault,RSA60463
125551,MEEBBA00XL3724483,TS09CZTR7426,Renault,RSA60565
125559,MEEBBA001L3723593,MEEBBA001L3723593,Renault,
125655,MEEBBA003KC707961,MEEBBA003KC707961,Renault,
125873,MEEBBA008H8523773,UP27AH5865,Renault,RSA60482
125922,MEEBBA007L2718968,MEEBBA007L2718968,Renault,
126078,MEEBBA007H7515444,TS07FV5810,Renault,RSA59962
126189,MEEBBA004KB702189,MH47AU0708,Renault,
126444,MEEBBA009L3721316,MH01DP2807,Renault,
126452,MEERBC001L6047610,MEERBC001L6047610,Renault,RSA60029
126476,MEEHSRSGMH7000540,KL01CD2653,Renault,RSA11168
126508,MEEBBA005H6512645,WB38AM1220,Renault,RSA61888
126517,MEEBBA006KB704669,MEEBBA006KB704669,Renault,
126518,MEEBBA007KB704549,MEEBBA007KB704549,Renault,
126519,MEEBBA009KB704665,MEEBBA009KB704665,Renault,
126520,MEEBBA000KB704344,MEEBBA000KB704344,Renault,
126525,MEEBBA004KB704380,KA03AJ6372,Renault,
126526,MEEBBA005KB704484,MEEBBA005KB704484,Renault,
126527,MEEBBA005KB704615,KA03AJ6385,Renault,
126528,MEEBBA006KB704512,MEEBBA006KB704512,Renault,
126582,MEEBBA00XH3470314,KL01CC8680,Renault,RSA61637
126624,MEEBBA000L2719735,MEEBBA000L2719735,Renault,
126804,MEEHSRCFFH6003243,UP32JE1306,Renault,RSA41992
126810,MEEBBA000KC704872,MEEBBA000KC704872,Renault,
126867,MEEBBA005H8526646,JH10BJ1063,Renault,RSA60564
126916,MEEHSRAW5G1098902,RJ25CA4053,Renault,RSA59238
126950,MEEBBA009L2714176,MEEBBA009L2714176,Renault,
127118,MEEBBA00XG1330063,GJ27AP5616,Renault,RSA61830
127181,MEEHSRCFFH8003689,TN02BL7588,Renault,RSA60026
127586,MEEJSRKF7F6001700,UP25BR5803,Renault,RSA59249
127614,MEEJSRGWBHB001574,WB58AS6668,Renault,RSA60076
127777,MEEBBA001HB548811,WB68Y7027,Renault,RSA59777
127829,MEEBBA003HB547997,MH15GF5726,Renault,RSA60288
127864,MEEBBA007G4351824,UK07BQ8875,Renault,RSA61706
127878,MEEBBA000HB552431,BR01DS4583,Renault,RSA58803
127983,MEEBBA003J2572002,UP30AN9565,Renault,RSA59928
128108,MEERHA005HB003045,MEERHA005HB003045,Renault,RSA61243
128228,MEEHSRCFKG6001989,MH15FF5626,Renault,RSA60376
128245,MEEBBA003G6372920,KA06P3136,Renault,RSA60627
128396,MEEBBA001G5365776,TN12U0119,Renault,RSA60209
128423,MEEBBA008J1559413,UP31AX5229,Renault,RSA61200
128435,MEEHSRCFNG6000637,KL7CH17,Renault,RSA61587
128483,MEEBBA002J2570211,PB10GV1493,Renault,RSA61162
128540,MEEHSRCFFHA003898,RJ45CD0810,Renault,RSA60201
128665,MEEBBA008J3581658,UP85BE2856,Renault,RSA38212
128672,MEEBBA002J1568951,UP32JW5636,Renault,RSA61035
128676,MEEBBA003J1568103,CG24M3984,Renault,RSA61920
128683,MEEHSRAWEJ2021085,RJ19CE1643,Renault,RSA61280
128694,MEEHSRAWEJ1020648,UP76AA0662,Renault,RSA60488
128725,MEEBBA004J3583343,GJ23CA1329,Renault,RSA60945
128751,MEEBBA006G6379179,UP32HL4572,Renault,RSA60750
128884,MEEHSRAWEJ4022002,AS22E6141,Renault,RSA60854
128923,MEEBBA006J4587422,GJ05RE1254,Renault,RSA59232
128946,MEEBBA007J4587283,GJ19AM4326,Renault,RSA60883
128961,MEEHSRCFKJ5005882,MH15GL0386,Renault,RSA59736
129006,MEEBBA005J5593142,WB42AQ1356,Renault,RSA60411
129017,MEEBBA00XJ6595138,OD33T3340,Renault,RSA27844
129036,MEEHSRCFKJ5005880,KL23Q5500,Renault,RSA61003
129069,MEEBBA001J6597036,CG04MG3793,Renault,RSA59470
129095,MEEBBA000J5589841,TS09FB2212,Renault,RSA60952
129232,MEEBBA008HB553505,UP30AQ6118,Renault,RSA59236
129237,MEEBBA00XJ7600574,KA51MM1519,Renault,RSA60287
129272,MEERHA009H9000530,KL41P1125,Renault,RSA61370
129313,MEEHSRCFKJ6006125,MH12RT0178,Renault,RSA61964
129329,MEEBBA009J7604552,TN05BT0697,Renault,RSA60858
129428,MEERHA003HB002637,CH01BT4847,Renault,RSA45033
129449,MEEHSRCFNJA002216,TN56M1707,Renault,RSA60268
129453,MEEBBA007J9614937,WB40AL9647,Renault,RSA60568
129469,MEEBBA003JA624007,TN28BE9339,Renault,RSA59972
129498,MEEBBA006J9619949,KL09AQ5567,Renault,RSA40162
129905,MEEBBA008L7729643,MEEBBA008L7729643,Renault,RSA60900
130454,MEEBBA002K2646981,RJ16CA6187,Renault,RSA54824
131123,MEEBBA008K5670457,BR06CC3446,Renault,RSA54534
131146,MEERBC003K8002901,KL39P7898,Renault,RSA62090
131478,MEEBBA008K9692676,MH42AX7832,Renault,null
131775,MEEBBA005KA694691,MEEBBA005KA694691,Renault,null
131919,MEEBBA004KA695654,MEEBBA004KA695654,Renault,null
131992,MEEBBA003K8686287,DL12CS3580,Renault,null
132043,MEEBBA005KB700080,MEEBBA005KB700080,Renault,null
132044,MEEBBA003KC707944,UP85BR7902,Renault,null
132048,MEEBBA007KB703448,RJ45CK5724,Renault,RSA59849
132090,MEEBBA001KA696275,KA24M8018,Renault,null
132136,MEEBBA00XKA693942,GJ01KX9275,Renault,null
132242,MEEBBA007KB704227,RJ20CG7114,Renault,null
132288,MEEBBA009L1712448,GJ03LG8215,Renault,null
132304,MEEBBA007KA699259,UP12BD2521,Renault,null
132323,MEEBBA007KC707204,UP82AH4413,Renault,null
132324,MEEBBA003KC707068,UP80FL8817,Renault,null
132336,MEEBBA009L1710232,OD33AB0907,Renault,null
132394,MEEBBA006KA693971,MEEBBA006KA693971,Renault,null
132396,MEEBBA002L1712050,UP82AH8284,Renault,null
132397,MEEBBA009L1711090,MEEBBA009L1711090,Renault,null
132404,MEEBBA005L1713810,UP50BV5062,Renault,null
132408,MEEBBA002L1712758,CG15DR9309,Renault,null
132411,MEEBBA004L2717793,MEEBBA004L2717793,Renault,null
132418,MEEBBA001L2717539,MEEBBA001L2717539,Renault,null
132520,MEEBBA000KC707965,MEEBBA000KC707965,Renault,null
132687,MEEBBA000L2716396,MEEBBA000L2716396,Renault,null
133129,MEEHSRAWEJ1020613,KA50Z2959,Renault,RSA62089
133280,MEEHSRAWEJ4021633,KA28P7103,Renault,RSA35455
133349,MEEBBA00XJ1564243,RJ09CC1531,Renault,RSA26983
133447,MEEBBA001J3577161,RJ20CF4974,Renault,RSA43174
133467,MEEHSRAWEJ4022234,TN12Z2245,Renault,RSA43742
133484,MEEBBA004J1568465,KA68M0382,Renault,RSA53287
133494,MEEBBA005J5594405,TN19AJ1766,Renault,RSA51627
133546,MEEBBA002J3583938,KA15N2793,Renault,RSA62059
133599,MEEHSRCFFJ8004899,BR06BS7106,Renault,RSA54702
134625,MEEHSRCFKG5001626,KL07CH7982,Renault,RSA74865
134968,MEEBBA001G8393799,KL58T5838,Renault,RSA74945
135047,MEERHA001J5006285,KA34P1068,Renault,RSA39226
135210,MEEBBA009K2648534,RJ45CG3453,Renault,RSA50955
135399,MEEHSRCFFG8001361,KL41M472,Renault,RSA76060
135512,MEEBBA008GA421705,KA50P6953,Renault,RSA76518
135601,MEEBBA001JC639416,JH02AY9228,Renault,RSA43464
135639,MEEBBA009K3654411,KA25MC5627,Renault,RSA64697
135908,MEEBBA006K3657735,OD31G0444,Renault,RSA57956
136065,MEEBBA004K3655305,MH49BB6046,Renault,RSA48825
136200,MEEBBA008K5666862,RJ27CH6537,Renault,RSA56041
136279,MEEBBA001K4664456,CG11AT3146,Renault,RSA45688
136574,MEEBBA005K6673598,TN37DE6271,Renault,RSA49980
136723,MEEBBA009K5670984,GJ16CN4935,Renault,RSA64136
136748,MEEBBA008GB444086,UP80DY6921,Renault,RSA68237
136803,MEEBBA006K6675327,UP41AU3334,Renault,RSA64773
136958,MEERBC007K8002805,JH05CM7781,Renault,RSA53847
137017,MEEBBA002K7680762,RJ23CD0847,Renault,RSA63142
137166,MEEBBA009K6675032,AP39CM0061,Renault,RSA75674
137476,MEEHSRA36E5034785,WB58AB2348,Renault,RSA77921
137709,MEERBC007KA013568,KA17Z9947,Renault,RSA51522
138392,MEEBBA009K9693027,KA25MC8103,Renault,
138822,MEERBC003KA012174,OD14T5204,Renault,RSA52955
138849,MEEBBA005K9691209,GJ22H9559,Renault,
138904,MEEJSRKF7G9002820,WB18R0332,Renault,RSA20137
138965,MEEBBA002KA695622,UP32LK7678,Renault,
138994,MEEBBA008K9690944,UP27AS8382,Renault,RSA65326
139249,MEEBBA005K9692991,UP80FM6391,Renault,
139683,MEEBBA006K7678948,UP94X8990,Renault,RSA75759
139796,MEEBBA003K7684934,MH09FJ6071,Renault,
140453,MEERBC009KB015669,BR01PK8115,Renault,RSA54586
140590,MEEBBA002H2461953,WB84A0662,Renault,RSA75421
140742,MEEHSRAWEH3012448,AS01DH0688,Renault,RSA26740
140818,MEERBC007KA014574,AS01EG8339,Renault,RSA75107
140850,MEEBBA006KC706089,MP19CC3960,Renault,
140859,MEEBBA003KA697945,JH09AR0375,Renault,RSA68398
140898,MEEBBA000K7685314,RJ20CG7119,Renault,
141426,MEEBBA006KA693064,RJ19CJ8065,Renault,
141875,MEEBBA00XKA694931,MEEBBA00XKA694931,Renault,
142007,MEEBBA00XKB702083,RJ31CB7634,Renault,
142206,MEEBBA008KA699299,UK17N9797,Renault,
142286,MEEBBA006H5503328,TN09CJ8584,Renault,RSA70551
142537,MEEBBA000KA697286,HR22R5371,Renault,
142545,MEEBBA003L1708749,DL12CS4370,Renault,
142612,MEERBC008L1029232,JH01DY5359,Renault,RSA72168
142698,MEEBBA00XKC706953,MH31FE9885,Renault,
142831,MEEBBA002KA699931,UP32LK5746,Renault,
142868,MEERBC004KB019192,MP18CA3189,Renault,RSA69409
142944,MEEBBA009L2718812,TN12AJ5068,Renault,
142975,MEEBBA007KA698838,MH13DM0768,Renault,
142976,MEEBBA008KB703894,DL9CAX0397,Renault,
142995,MEEBBA00XL1711843,DL12CS3305,Renault,
143069,MEEBBA000L1708241,MEEBBA000L1708241,Renault,
143070,MEEBBA007KA693557,HR44L1695,Renault,
143318,MEEBBA002KB701915,MH42AX7459,Renault,
143758,MEEBBA003L1711683,MEEBBA003L1711683,Renault,
143820,MEEBBA008L1712456,JK14G7101,Renault,
143980,MEEJSRGW4F5002322,KL13AF774,Renault,RSA73921
144017,MEEBBA009KB699998,MEEBBA009KB699998,Renault,
144062,MEEHSRCFNH5001560,JH01CP8622,Renault,RSA12579
144123,MEEBBA000KB703775,HR24AC2301,Renault,
144154,MEEBBA002L1710346,UP11BX6595,Renault,
144159,MEEBBA00XL1713172,MH35AG8423,Renault,
144176,MEEBBA005L1709840,TN36BZ6672,Renault,
144192,MEEBBA002L2719168,MEEBBA002L2719168,Renault,
144218,MEEBBA007L1712982,OD14U6863,Renault,
144254,MEEBBA001L2716827,MEEBBA001L2716827,Renault,
144263,MEEBBA001L1708183,WB58BG3959,Renault,
144271,MEEBBA007L1711640,CG10AX4182,Renault,
144511,MEEBBA004H4493467,TS10EL7967,Renault,RSA64933
144515,MEEBBA000L2719220,DL10TC20194,Renault,
144516,MEEBBA000L2718617,MEEBBA000L2718617,Renault,
144537,MEEBBA008L1711629,TN36AJ3811,Renault,
144603,MEEBBA003L1708265,DL9CAT1393,Renault,
144782,MEEBBA008L2716520,MH49BR2970,Renault,
144831,MEEBBA006L2716810,TN85P7249,Renault,
144832,MEEBBA006L2719237,TN10BP0142,Renault,
144857,MEEBBA003L2716666,MEEBBA003L2716666,Renault,
144890,MEEHSRAW5F3085925,AS26A4383,Renault,RSA73659
144942,MEEBBA001KC705013,KA51MP3472,Renault,
145027,MEEBBA001L1710953,KL33M4929,Renault,
145099,MEEBBA004H6508795,RJ36CA6473,Renault,RSA62629
145308,MEEBBA001L3721696,TS09FM9058,Renault,
145336,MEEBBA00XL3721907,TN30BQ7183,Renault,
145347,MEEBBA004L2716806,MH15HC3797,Renault,
145485,MEEBBA001L2714608,TN49CY8625,Renault,
145535,MEEBBA00XL2717734,TN30BQ6361,Renault,
145621,MEEBBA002L1711920,MEEBBA002L1711920,Renault,
145651,MEEBBA006H6506773,WB42AL3963,Renault,RSA68475
145806,MEEBBA000L1711317,BR01PL2377,Renault,
145938,MEEBBA004L2717440,MEEBBA004L2717440,Renault,
145941,MEEBBA007KC705498,HR36AH6382,Renault,
146094,MEEBBA001L2719436,MEEBBA001L2719436,Renault,
146133,MEEBBA00XL2716552,HR36AH7652,Renault,
146156,MEEBBA003KB701678,DL8CAZ8134,Renault,
146176,MEEBBA009FC317890,KL18Q7734,Renault,RSA68580
146385,MEEBBA001L2718500,HP24C5634,Renault,
146424,MEEBBA009L2715747,KL25N8465,Renault,
146585,MEEBBA005L1712169,MH37V6776,Renault,
146599,MEEBBA009L2717434,UP32LM0064,Renault,
146613,MEEBBA003H6508786,RJ25CA5244,Renault,RSA49981
146831,MEEBBA003L2719826,TN74AX0968,Renault,
147237,MEEBBA00XL2717569,TN49CY8326,Renault,
147489,MEEHSRAWEH9018217,KA14Z1560,Renault,RSA21566
147658,MEEBBA000G3339455,WB38AH3826,Renault,RSA69808
147723,MEEBBA004HA547223,RJ05CB3140,Renault,RSA16029
147728,MEERHA008HA000999,KL07CM3282,Renault,RSA75914
147851,MEERHA005HA001298,MP18CA0450,Renault,RSA57157
148192,MEEBBA008HA543448,AS01DX1200,Renault,RSA65510
148351,MEEBBA009HB555618,WB40AJ2513,Renault,RSA69183
148365,MEEBBA006G4354276,UP44AL1961,Renault,RSA76769
148395,MEEBBA006HB555169,WB58AS5488,Renault,RSA22189
148642,MEEHSRAWEHB019631,KA01MR1312,Renault,RSA68056
148822,MEEBBA009HB555554,TN879164,Renault,RSA49912
149077,MEEBBA007J1567293,AS16F8794,Renault,RSA42086
149334,MEEBBA005HC557473,JH05CB1388,Renault,RSA30155
149585,MEEBBA002J4584663,UP60AK3347,Renault,RSA45566
149587,MEEBBA007J3582641,OD33S5620,Renault,RSA58321
149969,MEEHSRAWEJ4021949,JH05CB8560,Renault,RSA31233
150181,MEERHA008HA001635,BR01DU0106,Renault,RSA77109
150328,MEEBBA008J6595624,KA28P7956,Renault,RSA62772
150363,MEEHSRCFNJ5001919,AS01DT3205,Renault,RSA35095
150459,MEEBBA008J6596062,UP51AQ0908,Renault,
150632,MEEBBA005J7601115,GJ15CH6826,Renault,RSA64636
150839,MEEBBA005J8610407,GJ16CH5514,Renault,RSA68369
151104,MEEHSRSGEJ9001937,AS03Y7563,Renault,RSA55796
151249,MEEBBA009J8612984,TN05BT9301,Renault,RSA65962
151268,MEEBBA000J9617369,KL09AQ5159,Renault,RSA41276
151603,MEEBBA001J9617557,KA01MS6798,Renault,RSA39519
151911,MEEHSRSGEJB002318,OD33V3501,Renault,RSA40262
152150,MEEBBA007JC637962,HR03Z6272,Renault,RSA68645
152191,MEEBBA008JA625797,AS01DY5601,Renault,RSA36433
152228,MEEHSRAWEJC025046,KA41MC0125,Renault,RSA47624
152276,MEEBBA005JB628358,UP93BF6095,Renault,RSA39584
152548,MEEBBA002JB631640,TN13Q9517,Renault,RSA63735
152552,MEEBBA000JC637141,KA14Z6245,Renault,RSA35854
174976,MEEBBA004K1644591,CG05AH4148,Renault,RSA56821
175243,MEEBBA005K2650572,BR10AC5851,Renault,RSA44821
175445,MEERHA001K4007394,OD03P8900,Renault,RSA57269
176443,MEEBBA003K9692004,BR01EM8699,Renault,RSA52158
179818,MEEBBA005HB552926,AS01DP1444,Renault,RSA36193
180658,MEEHSRCFKJ7006281,HR29AS5091,Renault,RSA47614
181288,MEEBBA000K3658136,TN55BY7873,Renault,RSA58769
181522,MEEBBA000K5668573,OD02BF1949,Renault,RSA49820
181927,MEEBBA008K9692001,BR27M4556,Renault,RSA58794
182299,MEERBC002KA012313,BE01PK5343,Renault,RSA58802
182585,MEEBBA005KA693718,MEEBBA005KA693718,Renault,
182606,MEEBBA008KA693678,MEEBBA008KA693678,Renault,
182631,MEEBBA000K7684454,MEEBBA000K7684454,Renault,
182727,MEERBC008KA013871,BR01PK6629,Renault,RSA58805
182743,MEEBBA007KA699018,MEEBBA007KA699018,Renault,
182950,MEEBBA006KA694943,RJ21CA6683,Renault,
182968,MEEBBA000H5504605,TN07CK8065,Renault,RSA45361
182993,MEEBBA009KC707656,WB20BG2428,Renault,null
183023,MEEBBA008K6675877,MEEBBA008K6675877,Renault,null
183073,MEEBBA004L1710770,GJ06PC3627,Renault,null
183082,MEEBBA00XL2716387,MEEBBA00XL2716387,Renault,null
183120,MEEBBA007L1710875,KA07N1816,Renault,null
183138,MEEBBA001L1708796,MEEBBA001L1708796,Renault,null
183143,MEEBBA001L1710662,MEEBBA001L1710662,Renault,null
183299,MEEBBA000L1712774,MEEBBA000L1712774,Renault,null
183304,MEEBBA008L1709072,MEEBBA008L1709072,Renault,null
183320,MEEBBA002KC706204,DL12TC0277,Renault,null
183443,MEEBBA003L1710453,MEEBBA003L1710453,Renault,null
183454,MEEBBA008KB702292,DL8CAZ8245,Renault,null
183543,MEEBBA007L1711251,MH01DP0070,Renault,null
183587,MEEBBA001L1710323,KA04MX5828,Renault,null
183608,MEEBBA003L1714020,MEEBBA003L1714020,Renault,null
183614,MEEBBA002L1711478,MEEBBA002L1711478,Renault,null
183787,MEEBBA007L1711721,MEEBBA007L1711721,Renault,null
183800,MEEBBA007L1710844,MEEBBA007L1710844,Renault,null
184044,MEEBBA00XK8685427,MH09FJ6074,Renault,null
184045,MEEBBA00XK8689297,MH09FJ6055,Renault,null
184125,MEEBBA008L1711484,MEEBBA008L1711484,Renault,null
184152,MEEBBA009L2719166,MH12SQ2523,Renault,null
184247,MEEBBA001L2719291,MEEBBA001L2719291,Renault,null
184489,MEEBBA00XHC556643,BR01DV2747,Renault,RSA45018
184532,MEEBBA004J1562133,RJ47CA2092,Renault,RSA54715
185033,MEEBBA008J1567237,WB58AT8695,Renault,RSA39397
185186,MEEBBA008J5594317,PB01C0228,Renault,RSA52113
185289,MEEHSRAWEJ6023746,RJ45CD9871,Renault,RSA58323
185308,MEEBBA000J6595472,BR06BS7124,Renault,RSA37652
185528,MEEHSRCFFJB005358,CG13AE5678,Renault,RSA49697
185583,MEEBBA00XJC637583,JH02AZ7429,Renault,RSA46277
186107,MEEBBA003K3653836,CG17KS6358,Renault,RSA50911
186382,MEEBBA009K4663166,CG18N7098,Renault,RSA62326
187909,MEEHSRCFFGB002022,UP24AC1718,Renault,RSA53121
188048,MEEBBA002KA697970,MH13DM0690,Renault,null
188189,MEEBBA00XKA698669,OD33AA7807,Renault,null
188244,MEEBBA009KA697416,OD02BJ9960,Renault,null
188307,MEEBBA00XL1711499,OD33AB1228,Renault,null
188330,MEEBBA005KA696862,GJ01KX9491,Renault,null
188365,MEEBBA001L2716844,MH04KL0185,Renault,null
188436,MEEBBA004L1711062,MH46BQ6733,Renault,null
188441,MEEBBA001KA694008,UP11BX5609,Renault,null
188610,MEEBBA001KC707781,MEEBBA001KC707781,Renault,null
188642,MEEBBA000KB704361,MEEBBA000KB704361,Renault,null
188794,MEEBBA005H3483343,BR06BE2077,Renault,RSA42044
189023,MEEBBA001KC707618,WB02AQ0260,Renault,null
189415,MEEBBA008L1709542,MEEBBA008L1709542,Renault,null
189534,MEEBBA000L1711074,UP78GC4705,Renault,null
189568,MEEBBA002L1711206,MH14JA7421,Renault,null
189673,MEEBBA001L2716648,MEEBBA001L2716648,Renault,null
189778,MEEBBA007L1712397,MEEBBA007L1712397,Renault,null
190054,MEEBBA007L1712626,UP32LK9921,Renault,null
190145,MEEBBA002L2718392,MEEBBA002L2718392,Renault,null
190621,MEEBBA004L1712292,MH32AH7430,Renault,null
190672,MEEBBA00XL3721650,AP39EZ9029,Renault,null
190991,MEEBBA007L2719537,PB06AX6135,Renault,null
191007,MEEBBA004L2720015,MEEBBA004L2720015,Renault,null
191009,MEEBBA001L2719582,MEEBBA001L2719582,Renault,null
191387,MEEHSRAWEG3001237,UP16BF9172,Renault,RSA58928
191728,MEEHSRAWEJ2020935,KA63M2733,Renault,RSA42257
191825,MEEBBA008J4584313,MP08CA8768,Renault,RSA58165
192040,MEEBBA005J2572678,MEEBBA005J2572678,Renault,RSA51885
192198,MEERHA000HB003440,MH12QT0694,Renault,RSA47256
192290,MEEBBA003J8610437,GJ8BH9728,Renault,RSA54307
192307,MEEHSRSGEJA002158,CG06GN3115,Renault,RSA49385
194350,MEEBBA000K3656872,UP32KS6769,Renault,RSA51804
194814,MEEBBA001GC449995,KA63M1471,Renault,RSA26199
195085,MEEBBA00XK9690413,MP07CH6625,Renault,null
195415,MEEBBA007KB700596,MP09WE4112,Renault,null
195501,MEEBBA009KB700311,WB90F5380,Renault,null
195504,MEEBBA008KA696743,TN69BK7939,Renault,null
195556,MEEBBA003L1708721,MEEBBA003L1708721,Renault,null
195565,MEEBBA007KC704738,RJ07CD0560,Renault,null
195613,MEEBBA004L1713135,UP32LK7679,Renault,null
195703,MEEBBA003L1708508,MH27BZ8731,Renault,null
195707,MEEBBA001K7683913,MEEBBA001K7683913,Renault,null
195834,MEEBBA009L1711400,MEEBBA009L1711400,Renault,null
195935,MEEBBA008L1709511,WB06S9258,Renault,null
196442,MEEBBA001H8523176,WB38AM1532,Renault,RSA27036
196642,MEEBBA006H8528888,KA16N5367,Renault,RSA62342
196856,MEEBBA005G4353488,BR01CV6441,Renault,RSA53505
197189,MEEBBA006J1567690,KA17Z5036,Renault,RSA27250
197341,MEERHA006HB002292,MH14GY8434,Renault,RSA62395
197371,MEEHSRCFKJ7006256,MH09FB3900,Renault,RSA53278
198062,MEEBBA002K4659413,MH43BN6495,Renault,RSA48025
198443,MEEBBA003KA698514,DL3CCS3380,Renault,
198444,MEEBBA006KB703053,MH12SQ1080,Renault,
198531,MEEBBA005KB704680,MEEBBA005KB704680,Renault,
198667,MEEBBA008L1712926,MH42AX8143,Renault,
198680,MEEBBA007H5499211,UP85BB8060,Renault,RSA29434
198885,MEEBBA002L2719509,CG04NB6738,Renault,
198905,MEEBBA004L2719592,MEEBBA004L2719592,Renault,
199177,MEEBBA007J8608044,UP16BY8540,Renault,RSA62630
200127,MEEBBA003K7684061,MEEBBA003K7684061,Renault,
200206,MEEBBA000KA696199,UK08AW2284,Renault,
200371,MEEBBA008L1713154,GJ08BS7763,Renault,
200412,MEEBBA008L3723381,DL8CAZ9536,Renault,
200426,MEEBBA009H6511501,JH05BW5811,Renault,RSA62254
200456,MEEBBA007L1713999,KA53MG7633,Renault,
200791,MEEHSRCFKG4000849,KL57N8004,Renault,RSA62275
201030,MEEBBA005J9615861,WB40AL3651,Renault,RSA47251
201448,MEEHSRAW5E7068976,MH48S6915,Renault,TVSAA-RSA-0322-201448
206930,MEEBBA004K4662815,CG10AT2419,Renault,RSA52296
207087,MEEBBA00XK4664584,MH13DM0679,Renault,
207656,MEEBBA001K9691594,KA18Z8988,Renault,
208057,MEEBBA009K3656787,AR01M8560,Renault,
208129,MEEBBA001K4660018,BR01EG7793,Renault,RSA54752
208242,MEEBBA005K4661902,CG25H2769,Renault,RSA57727
208292,MEEBBA003K6671414,RJ47CA3052,Renault,RSA58293
208485,MEEBBA008K6674308,DL10CN1128,Renault,RSA57991
208758,MEEBBA004KA693256,MEEBBA004KA693256,Renault,
208815,MEEBBA003G8395876,UP86V8661,Renault,
307486,DUMMY000000000003,TN00RK1200,Renault,TVSAA-RSA-0822-307486
307487,DUMMY000000000004,TN00RK1201,Renault,TVSAA-RSA-0822-307487
307490,DUMMY000000000006,TN00RK1203,Renault,TVSAA-RSA-0822-307490
307499,DUMMY000000000009,TN00RK1205,Renault,TVSAA-RSA-0822-307499
307501,DUMMY000000000010,TN00RK1206,Renault,TVSAA-RSA-0822-307501
307502,DUMMY000000000011,TN00RK1206,Renault,TVSAA-RSA-0822-307502
309921,DUMMY000000000014,TN00RK1206,Renault,TVSAA-RSA-0822-309921
309922,DUMMY000000000015,TN00RK1206,Renault,TVSAA-RSA-0822-309922
309925,DUMMY000000000017,TN00RK1206,Renault,TVSAA-RSA-0822-309925
309927,DUMMY000000000018,TN00RK1206,Renault,TVSAA-RSA-0822-309927
309929,DUMMY000000000019,TN00RK1206,Renault,TVSAA-RSA-0822-309929
336006,DUMMY000000000115,TN00RK1010,Renault,TVSAA-RSA-0922-336006
352183,MEERHA002J4006222,KA09ME3303,Renault,TVSAA-RSA-0722-1618370
352234,MEEHSRCFNE9000366,MH09DA9240,Renault,TVSAA-RSA-0722-1607217
352282,MEEBBA004H4484428,CG10AG4969,Renault,TVSAA-RSA-0422-1291435
352291,MEEBBA005KB703268,KA11N4483,Renault,
352305,MEEJSRGW4F5001991,UP53BX7800,Renault,RSA74674
352348,MEEBBA001L2719565,MH16CQ3294,Renault,
352363,MEEBBA001G2332763,TN47AT4242,Renault,RSA78574
352378,MEEBBA006G3344241,KA17P7742,Renault,TVSAA-RSA-0522-1386348
352398,MEEBBA005G4359260,OD33H1376,Renault,TVSAA-RSA-0922-1792399
352401,MEEHSRAWEJ2021015,KA31N3734,Renault,RSA42825
352600,MEEHBC003N3049018,MEEHBC003N3049018,Renault,null
352604,MEERBC004N4133587,MEERBC004N4133587,Renault,null
352619,MEEHBC002MA032379,DL3CCU9709,Renault,null
352628,MEEBBA006N2804937,MEEBBA006N2804937,Renault,null
352630,MEEHBC009N2044749,JH01ES5777,Renault,null
352638,MEEHBC003N2042494,WB74BK1672,Renault,null
352640,MEEHBC007N2042613,MEEHBC007N2042613,Renault,null
352642,MEERBC00XN2126123,MEERBC00XN2126123,Renault,null
352644,MEERBC008N2126251,UP11CE9683,Renault,null
352646,MEEBBA00XN2805542,WB74BL3286,Renault,null
352647,MEERBC008N3129239,MEERBC008N3129239,Renault,null
352650,MEERBC005N3129263,MEERBC005N3129263,Renault,null
352651,MEEHBC000N3049591,HP406352,Renault,null
342444,MEEBBA00XKA699028,,Renault,TVSAA-RSA-1022-342444
343815,MEERBC001L2032953,,Renault,TVSAA-RSA-1022-343815
350975,DUMMY000000000124,,Renault,TVSAA-RSA-1022-350975
351034,MEEBBA005KA697624,,Renault,TVSAA-RSA-1022-351034
351040,DUMMY000000000343,,Renault,TVSAA-RSA-1022-351040
351043,MEERBC005L2035967,,Renault,TVSAA-RSA-1022-351043
351056,DUMMY000000000344,,Renault,TVSAA-RSA-1022-351056
244934,MDHBBAN17E4300091,,Renault,TVSAA-RSA-0622-244934
244943,TES1234567654321T,,Renault,TVSAA-RSA-0622-244943
244944,TES0935678909876T,,Renault,TVSAA-RSA-0622-244944
281982,MDHBDAN17HB602263,,Renault,TVSAA-RSA-0722-281982
